[
    {
        "data": {
            "success": 1,
            "message": "You have Registered Successfully!",
            "data": {
                "userinfo": {
                    "user_id": 14,
                    "api_token": "OK0uf20iKVs5Bpe8aUA8Glit2THJIeYBK3itMYFLSbkMkBHMQABb2BdJq64f",
                    "fcm_id": "cuJI6dWk_W8:APA91bHnXhRkYIo2zSArkyaugQBuxHWkVPH3IHKCFzntFs_LJEdgosLRC_hSDWHHN4NdiKmur9rLPqso70rjiAWFwR2RBI0thfi_8MQPyZwOPpj76vVIjPoqNIW9EPsuDqiIVuYKYKGV",
                    "user_uid": "BshGuFth5RdB8iXqeF5KxMLVJLr2",
                    "device_token": "cuJI6dWk_W8:APA91bHnXhRkYIo2zSArkyaugQBuxHWkVPH3IHKCFzntFs_LJEdgosLRC_hSDWHHN4NdiKmur9rLPqso70rjiAWFwR2RBI0thfi_8MQPyZwOPpj76vVIjPoqNIW9EPsuDqiIVuYKYKGV",
                    "socialmedia_uid": null,
                    "user_name": "Riley Jo",
                    "mobno": "13464597981",
                    "phone_code": null,
                    "email": "r@qq.com",
                    "gender": 1,
                    "password": "$2y$10$z87GgNCv8T7EHrNFxY6mDODDYisEcdTV1xkrYtFQlyx3TGNBqLfby",
                    "profile_pic": null,
                    "status": 1,
                    "wallet_balance": "500",
                    "timestamp": "2020-06-25 06:21:25"
                }
            }
        }
    },
    {
        "success": 1,
        "data": [
            {
                "driver_id": 8,
                "driver_lat": 40.10954840000000132249624584801495075225830078125,
                "driver_long": 124.37852309999999533829395659267902374267578125,
                "driver_name": "Silas Jo",
                "driver_image": "7bb81ef2-fe3e-4af8-8a6b-b60807e6234b.jpg",
                "driver_address": "46 Xingqi Rd, Zhenxing Qu, Dandong Shi, Liaoning Sheng, China, 118000",
                "driver_token": "ExponentPushToken[77LKJbFIEgeVgIkFrVsDKQ]",
                "driver_uid": "dpzOaPMkOJhr44bafc9gp2xz14h2",
                "driver_review": 3.6699999999999999289457264239899814128875732421875,
                "vehicle_id": 3,
                "vehicle_type_id": 2,
                "vehicle_make": "Mercedes",
                "vehicle_model": "Benz",
                "vehicle_type": "Sedan",
                "fare_info": {
                    "base_fare": "500",
                    "base_km": "10",
                    "base_time": "2",
                    "std_fare": "20",
                    "week_base_fare": "500",
                    "week_base_km": "10",
                    "week_wait_time": "2",
                    "week_std_fare": "20",
                    "night_base_fare": "500",
                    "night_base_km": "10",
                    "night_wait_time": "2",
                    "night_std_fare": "20"
                }
            }
        ],
        "message": "Data Received."
    },
    {
        "account": {
            "device_token": "fxuVXeJj69I:APA91bFp1D5YQm10duhXkyXVigEgovEzFYY3bSeaWC8jQi8tTXpGvsgGyKGz7GlRkeeEiFN10klsYIDC6gVf9WUxyYqLqFYzPIcpkhVKwWtCg421gqTW9HunK2i2LJiYY1Lsr_-At7EY",
            "driver_info": {
                "driver_address": "46 Xingqi Rd, Zhenxing Qu, Dandong Shi, Liaoning Sheng, China, 118000",
                "driver_id": 8,
                "driver_image": "7bb81ef2-fe3e-4af8-8a6b-b60807e6234b.jpg",
                "driver_lat": 40.1095484,
                "driver_long": 124.3785231,
                "driver_name": "Silas Jo",
                "driver_review": 3.67,
                "driver_token": "ExponentPushToken[77LKJbFIEgeVgIkFrVsDKQ]",
                "driver_uid": "dpzOaPMkOJhr44bafc9gp2xz14h2",
                "fare_info": "500",
                "vehicle_id": 3,
                "vehicle_make": "Mercedes",
                "vehicle_model": "Benz",
                "vehicle_type": "Sedan",
                "vehicle_type_id": 2
            },
            "logged": true,
            "user_info": {
                "api_token": "OK0uf20iKVs5Bpe8aUA8Glit2THJIeYBK3itMYFLSbkMkBHMQABb2BdJq64f",
                "device_token": "fxuVXeJj69I:APA91bFp1D5YQm10duhXkyXVigEgovEzFYY3bSeaWC8jQi8tTXpGvsgGyKGz7GlRkeeEiFN10klsYIDC6gVf9WUxyYqLqFYzPIcpkhVKwWtCg421gqTW9HunK2i2LJiYY1Lsr_-At7EY",
                "email": "r@qq.com",
                "fcm_id": "fxuVXeJj69I:APA91bFp1D5YQm10duhXkyXVigEgovEzFYY3bSeaWC8jQi8tTXpGvsgGyKGz7GlRkeeEiFN10klsYIDC6gVf9WUxyYqLqFYzPIcpkhVKwWtCg421gqTW9HunK2i2LJiYY1Lsr_-At7EY",
                "gender": 1,
                "mobno": "13464597981",
                "password": "$2y$10$z87GgNCv8T7EHrNFxY6mDODDYisEcdTV1xkrYtFQlyx3TGNBqLfby",
                "phone_code": null,
                "profile_pic": null,
                "socialmedia_uid": null,
                "status": 1,
                "timestamp": "2020-06-25 06:21:25",
                "user_id": 14,
                "user_name": "Riley Jo",
                "user_type": "C",
                "user_uid": "BshGuFth5RdB8iXqeF5KxMLVJLr2",
                "wallet_balance": 500
            }
        },
        "location": {
            "old": null,
            "search": null
        }
    }
]
// const functions = require('firebase-functions');
// const admin = require('firebase-admin');
// const stripe = require('stripe')('sk_test_51Gv5A8JVSIGR903OfwZzndCNNLaE4rC1EmiDTgR5gISkqaFxA4OZZ0PISZYvO3DAmU6nb1sayDfEBFPJxOZkq33x00PAc70aSd');
// exports.paymentWithStripe = functions.https.onRequest((request, response) => {
//   return stripe.charges.create({
//     amount: request.body.amount,
//     currency: request.body.currency,
//     source: request.body.token
//   }).then((charge) => {
//     response.send(charge);
//   })
//     .catch(error => {
//       console.log(error);
//     });
// });
// admin.initializeApp({
//   // credential: admin.credential.cert({ }),
//   databaseURL: "https://kwik-35758.firebaseio.com"
// });
// exports.sendPushNotification = functions.https.onRequest((request, response) => {
//   const payload = {
//     notification: {
//       title: request.title,
//       body: request.body,
//       sound: 'default',
//       badge: '1',
//     },
//     data: request.data
//   };
//   return admin
//     .messaging()
//     .sendToDevice(request.token, payload)
//     .then(function (response) {
//       console.log("Notification sent successfully:", response);
//     })
//     .catch(function (error) {
//       console.log("Notification sent failed:", error);
//     });
// });
{
    "data": "{
        \"driver_details\":{
            \"driver_name\":\"Silas Jo\",
            \"driver_id\":8,
            \"driver_long\":124.3785231,
            \"vehicle_number\":\"11111\",
            \"ratings\":3.67,
            \"profile_pic\":\"7bb81ef2-fe3e-4af8-8a6b-b60807e6234b.jpg\",
            \"driver_lat\":40.1095484,
            \"mobile_number\":\"123456789\",
            \"vehicle_name\":\"MercedesBenz\"
        },
        \"riderequest_info\":{
            \"dest_long\":124.37657951700179,
            \"journey_time\":\"7:44:10\",
            \"book_date\":\"29-06-2020\",
            \"booking_id\":459,
            \"accept_status\":1,
            \"source_long\":124.3740974725089,
            \"dest_address\":\"5 Xingang Rd, Zhenxing Qu, Dandong Shi, Liaoning Sheng, China, 118008\",
            \"journey_date\":\"2020-06-29\",
            \"book_time\":\"11:46:43\",
            \"user_id\":16,
            \"dest_lat\":40.110701737011105,
            \"source_address\":\"120 Binjiang Middle Rd, Zhenxing Qu, Dandong Shi, Liaoning Sheng, China, 118002\",
            \"source_lat\":40.10726748914691
        }
    }",
    "description": "120 Binjiang Middle Rd, Zhenxing Qu, Dandong Shi, Liaoning Sheng, China, 118002-5 Xingang Rd, Zhenxing Qu, Dandong Shi, Liaoning Sheng, China, 118008: Driver Name Silas Jo",
    "fcm_id": "coq85LHsfxs:APA91bH0bPkctqS8t6SNn8JPJr-R-dMV57bQil5dZWV12hvuWx0_DovgvWCwDE_5WTM_U0CP6CqhveEHE8TG_MS-Qe23utnPWUTb6pJNFwGz68T1MWuNFCdhwk2UClKoMhZ4mk3O_o_v",
    "google.c.a.e": "1",
    "google.c.sender.id": "823801675801",
    "key": "accept_ride_notification",
    "message": "Data Received.",
    "success": "1",
    "timestamp": "2020-06-29 11:56:14",
    "title": "Your Ride Request has been Accepted."
}

