[
    {
        "success": 1,
        "data": [
            {
                "driver_id": 39,
                "driver_lat": 40.11367589999999694327925681136548519134521484375,
                "driver_long": 124.384220099999993180972523987293243408203125,
                "driver_meta": {
                    "id": 39,
                    "name": "Athena Hein",
                    "email": "athena@qq.com",
                    "user_type": "D",
                    "group_id": null,
                    "created_at": "2020-06-16 09:55:45",
                    "updated_at": "2020-06-16 09:55:45",
                    "deleted_at": null,
                    "wallet_balance": 0,
                    "metas": [],
                    "meta_data": {
                        "login_status": 1,
                        "fcm_id": "ExponentPushToken[eSfPMoA1X1EriLCEkrDy9j]",
                        "device_token": "ExponentPushToken[eSfPMoA1X1EriLCEkrDy9j]",
                        "first_name": "Athena",
                        "last_name": "Hein",
                        "user_type": "D",
                        "user_name": "Athena Hein",
                        "user_uid": "rTirCS3zrsSiDpG7k6g8ECfj2nb2",
                        "email": "athena@qq.com",
                        "mobno": "15731925",
                        "password": "123456",
                        "licence_image": {
                            "cancelled": false,
                            "width": 543,
                            "type": "image",
                            "uri": "file:///data/user/0/host.exp.exponent/cache/ExperienceData/%2540keyhan1126%252Fkwik/ImagePicker/7d0ee8f2-9daa-42f2-befb-c1de2aa26fdb.jpg",
                            "height": 407
                        },
                        "gender": "0",
                        "address": "3 Gangwan St, Zhenxing Qu, Dandong Shi, Liaoning Sheng, China, 118002",
                        "mode": "ios",
                        "phone_code": "+93",
                        "driver_image": "7aedd5b7-6c43-48e2-a67c-b3c51bd6b342.jpg",
                        "_method": "PATCH",
                        "_token": "WGgF7DP7LJStXBZHA6OF1Orm0OXV7VwHYzwprMIF",
                        "id": "39",
                        "edit": "1",
                        "detail_id": null,
                        "user_id": "1",
                        "middle_name": null,
                        "vehicle_id": "139",
                        "phone": "123456789",
                        "emp_id": "39",
                        "contract_number": "123456",
                        "license_number": "123456",
                        "issue_date": "2020-06-16",
                        "exp_date": "2020-07-02",
                        "start_date": "2020-06-01",
                        "end_date": "2020-06-29",
                        "econtact": null,
                        "is_active": 1
                    }
                },
                "driver_review": null,
                "vehicle_info": {
                    "id": 139,
                    "make": "Toyota",
                    "model": "Prius",
                    "type": null,
                    "year": "2018",
                    "group_id": 5,
                    "lic_exp_date": "0000-00-00",
                    "reg_exp_date": "1970-01-01",
                    "vehicle_image": "Toyota_Prius_1",
                    "engine_type": "DOHC",
                    "horse_power": "121",
                    "color": "silver",
                    "vin": "JTDKBRFU9J30593O7",
                    "license_plate": "6TRJ244",
                    "mileage": null,
                    "in_service": 0,
                    "user_id": 1,
                    "created_at": "2020-06-14 15:54:31",
                    "updated_at": "2020-06-14 15:54:31",
                    "deleted_at": null,
                    "int_mileage": 0,
                    "type_id": 1,
                    "fleetio_id": 1031039,
                    "vehicle_type": {
                        "id": 1,
                        "vehicletype": "Hatchback",
                        "displayname": "Hatchback",
                        "icon": null,
                        "isenable": 1,
                        "seats": 4,
                        "created_at": "2020-06-02 20:06:40",
                        "updated_at": "2020-06-02 20:06:40",
                        "deleted_at": null
                    },
                    "meta_data": {
                        "vehicle_type": "Hatchback",
                        "vehicle_model": "Prius",
                        "vehicle_make": "Toyota",
                        "driver_id": 39
                    }
                },
                "fare_info": {
                    "base_fare": "500",
                    "base_km": "10",
                    "base_time": "2",
                    "std_fare": "20",
                    "week_base_fare": "500",
                    "week_base_km": "10",
                    "week_wait_time": "2",
                    "week_std_fare": "20",
                    "night_base_fare": "500",
                    "night_base_km": "10",
                    "night_wait_time": "2",
                    "night_std_fare": "20"
                }
            }
        ],
        "message": "Data Received."
    },
    {
        "data": {
            "booking_id": 174
        },
        "message": "Your Request has been Submitted Successfully.",
        "success": 1
    }
]

{
    "actionId": null,
    "data": {
      "data": "goes here",
    },
    "isMultiple": false,
    "notificationId": -775714251,
    "origin": "received",
    "remote": true,
    "userText": null
  }
  {
    "actionId": null,
    "data": {
      "data": "goes here",
    },
    "isMultiple": false,
    "notificationId": -775714251,
    "origin": "selected",
    "remote": true,
    "userText": null
  }