[
    {
        "data-register": {
            "userinfo": {
                "api_token": "hjhBd76AmLkb3VhcalJpftkkc6vRfnAmm0efQtMyM5dOVrpwIAWpR3BSClWX",
                "device_token": "ExponentPushToken[eSfPMoA1X1EriLCEkrDy9j]",
                "email": "hobi@qq.com",
                "fcm_id": "ExponentPushToken[eSfPMoA1X1EriLCEkrDy9j]",
                "gender": 1,
                "mobno": "123978456",
                "password": "$2y$10$nRilN5fNOyWEZHT4pCiBIelBmElJK4NckUV/AdAFQi1KF0mtCy46u",
                "phone_code": null,
                "profile_pic": null,
                "socialmedia_uid": null,
                "status": 1,
                "timestamp": "2020-06-16 14:12:35",
                "user_id": 43,
                "user_name": "Hobi",
                "user_uid": "Bn3NvroPLcVw8BlzflCvu4BTy1y1",
                "wallet_balance": 0
            }
        },
        "message": "You have Registered Successfully!",
        "success": 1
    },
    {
        "data-login": {
            "userinfo": {
                "api_token": "QwfSqwxrWSh2ZDSfMtIcuLERChm2e2Ul7kxeaVjpPpNB20XJxrFKpJtfofSZ",
                "device_token": "ExponentPushToken[eSfPMoA1X1EriLCEkrDy9j]",
                "email": "nam@qq.com",
                "fcm_id": "ExponentPushToken[eSfPMoA1X1EriLCEkrDy9j]",
                "gender": 1,
                "mobno": "321456987",
                "password": "$2y$10$sucJBYDyOPF4Adh.u5Ly5.l7UDrzufOQLWZAl51jozkPNc1egGWsi",
                "phone_code": null,
                "profile_pic": null,
                "socialmedia_uid": null,
                "status": 1,
                "timestamp": "2020-06-16 14:20:52",
                "user_id": 44,
                "user_name": "Nam",
                "user_type": "C",
                "user_uid": "embN97GI9iN79QuUznD3OWezC9V2",
                "wallet_balance": 0
            }
        },
        "message": "You have Signed in Successfully!",
        "success": 1
    },
    {
        "config": {
            "adapter": [],
            "baseURL": "http://192.168.100.52/api",
            "data": "{\"user_type\":\"C\",\"user_name\":\"Riley Jo\",\"user_uid\":\"mqTobbDC3ZVaxfDSz499UGUGc023\",\"email\":\"riley@qq.com\",\"mobno\":\"987456321\",\"password\":\"123456\",\"gender\":1,\"address\":\"3 Gangwan St, Zhenxing Qu, Dandong Shi, Liaoning Sheng, China, 118002\",\"mode\":\"android\",\"fcm_id\":\"ExponentPushToken[eSfPMoA1X1EriLCEkrDy9j]\",\"device_token\":\"ExponentPushToken[eSfPMoA1X1EriLCEkrDy9j]\"}",
            "headers": {
                "Accept": "application/json, text/plain, */*",
                "Content-Type": "application/json;charset=utf-8"
            },
            "maxContentLength": -1,
            "method": "post",
            "responseType": "json",
            "timeout": 0,
            "transformRequest": [],
            "transformResponse": [],
            "url": "/user_register",
            "validateStatus": [],
            "xsrfCookieName": "XSRF-TOKEN",
            "xsrfHeaderName": "X-XSRF-TOKEN"
        },
        "data": {
            "data": {
                "userinfo": {
                    "api_token": "BtoFPumX9jZMXowkHL2nvOZhM9VSOu20UyEXk7YexMTW2OJnvFRgYgbqDdHQ",
                    "device_token": "ExponentPushToken[eSfPMoA1X1EriLCEkrDy9j]",
                    "email": "riley@qq.com",
                    "fcm_id": "ExponentPushToken[eSfPMoA1X1EriLCEkrDy9j]",
                    "gender": 1,
                    "mobno": "987456321",
                    "password": "$2y$10$MnRX60.CDI.L3.czOrAIjutgE4/0Hy.6jPDgCEl3EsS9eGMthhRea",
                    "phone_code": null,
                    "profile_pic": null,
                    "socialmedia_uid": null,
                    "status": 1,
                    "timestamp": "2020-06-16 14:01:08",
                    "user_id": 42,
                    "user_name": "Riley Jo"
                }
            },
            "message": "You have Registered Successfully!",
            "success": 1
        },
        "headers": {
            "access-control-allow-headers": "origin, x-requested-with, content-type",
            "access-control-allow-methods": "PUT, GET, POST, DELETE, OPTIONS",
            "access-control-allow-origin": "*",
            "cache-control": "public, max-age=0",
            "connection": "Keep-Alive",
            "content-length": "538",
            "content-type": "application/json",
            "date": "Tue, 16 Jun 2020 14:01:07 GMT",
            "keep-alive": "timeout=5, max=100",
            "server": "Apache/2.4.43 (Unix) OpenSSL/1.1.1g PHP/7.2.31 mod_perl/2.0.8-dev Perl/v5.16.3",
            "x-powered-by": "PHP/7.2.31",
            "x-ratelimit-limit": "60",
            "x-ratelimit-remaining": "58"
        },
        "request": {
            "DONE": 4,
            "HEADERS_RECEIVED": 2,
            "LOADING": 3,
            "OPENED": 1,
            "UNSENT": 0,
            "_aborted": false,
            "_cachedResponse": {
                "data": {
                    "userinfo": {
                        "api_token": "BtoFPumX9jZMXowkHL2nvOZhM9VSOu20UyEXk7YexMTW2OJnvFRgYgbqDdHQ",
                        "device_token": "ExponentPushToken[eSfPMoA1X1EriLCEkrDy9j]",
                        "email": "riley@qq.com",
                        "fcm_id": "ExponentPushToken[eSfPMoA1X1EriLCEkrDy9j]",
                        "gender": 1,
                        "mobno": "987456321",
                        "password": "$2y$10$MnRX60.CDI.L3.czOrAIjutgE4/0Hy.6jPDgCEl3EsS9eGMthhRea",
                        "phone_code": null,
                        "profile_pic": null,
                        "socialmedia_uid": null,
                        "status": 1,
                        "timestamp": "2020-06-16 14:01:08",
                        "user_id": 42,
                        "user_name": "Riley Jo"
                    }
                },
                "message": "You have Registered Successfully!",
                "success": 1
            },
            "_hasError": false,
            "_headers": {
                "accept": "application/json, text/plain, */*",
                "content-type": "application/json;charset=utf-8"
            },
            "_incrementalEvents": false,
            "_lowerCaseResponseHeaders": {
                "access-control-allow-headers": "origin, x-requested-with, content-type",
                "access-control-allow-methods": "PUT, GET, POST, DELETE, OPTIONS",
                "access-control-allow-origin": "*",
                "cache-control": "public, max-age=0",
                "connection": "Keep-Alive",
                "content-length": "538",
                "content-type": "application/json",
                "date": "Tue, 16 Jun 2020 14:01:07 GMT",
                "keep-alive": "timeout=5, max=100",
                "server": "Apache/2.4.43 (Unix) OpenSSL/1.1.1g PHP/7.2.31 mod_perl/2.0.8-dev Perl/v5.16.3",
                "x-powered-by": "PHP/7.2.31",
                "x-ratelimit-limit": "60",
                "x-ratelimit-remaining": "58"
            },
            "_method": "POST",
            "_requestId": null,
            "_response": "{\"success\":1,\"message\":\"You have Registered Successfully!\",\"data\":{\"userinfo\":{\"user_id\":42,\"api_token\":\"BtoFPumX9jZMXowkHL2nvOZhM9VSOu20UyEXk7YexMTW2OJnvFRgYgbqDdHQ\",\"fcm_id\":\"ExponentPushToken[eSfPMoA1X1EriLCEkrDy9j]\",\"device_token\":\"ExponentPushToken[eSfPMoA1X1EriLCEkrDy9j]\",\"socialmedia_uid\":null,\"user_name\":\"Riley Jo\",\"mobno\":\"987456321\",\"phone_code\":null,\"email\":\"riley@qq.com\",\"gender\":1,\"password\":\"$2y$10$MnRX60.CDI.L3.czOrAIjutgE4\\/0Hy.6jPDgCEl3EsS9eGMthhRea\",\"profile_pic\":null,\"status\":1,\"timestamp\":\"2020-06-16 14:01:08\"}}}",
            "_responseType": "json",
            "_sent": true,
            "_subscriptions": [],
            "_timedOut": false,
            "_trackingName": "unknown",
            "_url": "http://192.168.100.52/api/user_register",
            "readyState": 4,
            "responseHeaders": {
                "Access-Control-Allow-Headers": "origin, x-requested-with, content-type",
                "Access-Control-Allow-Methods": "PUT, GET, POST, DELETE, OPTIONS",
                "Access-Control-Allow-Origin": "*",
                "Cache-Control": "public, max-age=0",
                "Connection": "Keep-Alive",
                "Content-Length": "538",
                "Content-Type": "application/json",
                "Date": "Tue, 16 Jun 2020 14:01:07 GMT",
                "Keep-Alive": "timeout=5, max=100",
                "Server": "Apache/2.4.43 (Unix) OpenSSL/1.1.1g PHP/7.2.31 mod_perl/2.0.8-dev Perl/v5.16.3",
                "X-Powered-By": "PHP/7.2.31",
                "X-RateLimit-Limit": "60",
                "X-RateLimit-Remaining": "58"
            },
            "responseURL": "http://192.168.100.52/api/user_register",
            "status": 200,
            "timeout": 0,
            "upload": {},
            "withCredentials": true
        },
        "status": 200,
        "statusText": "undefined"
    }
]